<?xml version="1.0" encoding="UTF-8"?>
<project-private xmlns="http://www.netbeans.org/ns/project-private/1">
    <editor-bookmarks xmlns="http://www.netbeans.org/ns/editor-bookmarks/2" lastBookmarkId="0"/>
    <open-files xmlns="http://www.netbeans.org/ns/projectui-open-files/2">
        <group>
            <file>file:/C:/xampp/htdocs/sistema-submissao-livros/app/adms/cadastrar/cad_user_login.php</file>
            <file>file:/C:/xampp/htdocs/sistema-submissao-livros/app/adms/processa/proc_cad_suporte_email.php</file>
            <file>file:/C:/xampp/htdocs/sistema-submissao-livros/app/adms/processa/proc_rejeita.php</file>
            <file>file:/C:/xampp/htdocs/sistema-submissao-livros/app/adms/cadastrar/cad_suporte_email.php</file>
        </group>
    </open-files>
</project-private>
